timestamp,open,high,low,close
2025-07-30 22:07:40+00:00,1.14146,1.14146,1.14146,1.14146
2025-07-30 22:07:50+00:00,1.14147,1.14147,1.14146,1.14146
2025-07-30 22:08:00+00:00,1.14144,1.14144,1.14142,1.14142
2025-07-30 22:08:10+00:00,1.14141,1.14141,1.14141,1.14141
2025-07-30 22:08:15+00:00,1.1414,1.1414,1.1414,1.1414
2025-07-30 22:08:20+00:00,1.14141,1.14141,1.1414,1.1414
2025-07-30 22:08:25+00:00,1.1414,1.1414,1.14136,1.14138
2025-07-30 22:08:30+00:00,1.14137,1.14137,1.14137,1.14137
2025-07-30 22:08:40+00:00,1.14139,1.14139,1.14137,1.14138
2025-07-30 22:08:45+00:00,1.14137,1.14137,1.14136,1.14136
2025-07-30 22:08:55+00:00,1.14134,1.14134,1.1413,1.1413
2025-07-30 22:09:00+00:00,1.14128,1.14134,1.14128,1.14134
2025-07-30 22:09:05+00:00,1.14135,1.14136,1.14135,1.14136
2025-07-30 22:09:15+00:00,1.14136,1.14136,1.14136,1.14136
2025-07-30 22:09:25+00:00,1.14139,1.1414,1.14138,1.1414
2025-07-30 22:09:50+00:00,1.14144,1.1415,1.14144,1.1415
2025-07-30 22:10:00+00:00,1.14148,1.14148,1.14148,1.14148
2025-07-30 22:10:05+00:00,1.14148,1.14148,1.14148,1.14148
2025-07-30 22:10:30+00:00,1.14152,1.14156,1.14152,1.14156
2025-07-30 22:10:40+00:00,1.14156,1.1416,1.14156,1.1416
2025-07-30 22:10:45+00:00,1.14163,1.14168,1.14163,1.14164
2025-07-30 22:11:00+00:00,1.1416,1.1416,1.14158,1.14158
2025-07-30 22:11:35+00:00,1.14158,1.14158,1.14158,1.14158
2025-07-30 22:11:40+00:00,1.14158,1.14158,1.14157,1.14157
2025-07-30 22:11:45+00:00,1.14158,1.14158,1.14157,1.14157
2025-07-30 22:11:50+00:00,1.14158,1.14158,1.14157,1.14157
2025-07-30 22:11:55+00:00,1.1416,1.1416,1.1416,1.1416
2025-07-30 22:12:00+00:00,1.14158,1.14158,1.14158,1.14158
2025-07-30 22:12:15+00:00,1.14159,1.14164,1.14159,1.14164
2025-07-30 22:13:10+00:00,1.1416,1.1416,1.14158,1.14158
2025-07-30 22:13:25+00:00,1.14157,1.1416,1.14157,1.1416
2025-07-30 22:13:30+00:00,1.1416,1.1416,1.1416,1.1416
2025-07-30 22:13:35+00:00,1.14162,1.14162,1.14162,1.14162
2025-07-30 22:13:55+00:00,1.14162,1.14162,1.14162,1.14162
2025-07-30 22:14:00+00:00,1.1416,1.1416,1.1416,1.1416
2025-07-30 22:14:10+00:00,1.14158,1.14158,1.14154,1.14158
2025-07-30 22:14:15+00:00,1.14159,1.14167,1.14158,1.14166
2025-07-30 22:14:30+00:00,1.14164,1.14164,1.14164,1.14164
2025-07-30 22:14:35+00:00,1.14164,1.14164,1.14164,1.14164
2025-07-30 22:14:40+00:00,1.14164,1.14164,1.14164,1.14164
2025-07-30 22:14:45+00:00,1.14164,1.14164,1.14164,1.14164
2025-07-30 22:14:55+00:00,1.14166,1.14166,1.14166,1.14166
2025-07-30 22:15:00+00:00,1.14165,1.14165,1.14165,1.14165
2025-07-30 22:15:05+00:00,1.14166,1.14169,1.14166,1.14169
2025-07-30 22:15:10+00:00,1.14168,1.14169,1.14166,1.14169
2025-07-30 22:15:15+00:00,1.1417,1.1417,1.14168,1.1417
2025-07-30 22:15:20+00:00,1.14169,1.1417,1.14169,1.1417
2025-07-30 22:15:30+00:00,1.14169,1.14169,1.14169,1.14169
2025-07-30 22:15:40+00:00,1.14168,1.14168,1.14168,1.14168
2025-07-30 22:15:45+00:00,1.14168,1.1417,1.14168,1.1417
2025-07-30 22:15:50+00:00,1.14173,1.14177,1.14173,1.14177
2025-07-30 22:15:55+00:00,1.14174,1.14176,1.14173,1.14173
2025-07-30 22:16:00+00:00,1.14172,1.14172,1.14169,1.14169
2025-07-30 22:16:05+00:00,1.1417,1.14174,1.1417,1.14172
2025-07-30 22:16:10+00:00,1.14174,1.14176,1.14174,1.14176
2025-07-30 22:16:15+00:00,1.14177,1.14177,1.14177,1.14177
2025-07-30 22:16:20+00:00,1.14175,1.14179,1.14175,1.14179
2025-07-30 22:16:25+00:00,1.1418,1.14182,1.1418,1.14182
2025-07-30 22:16:30+00:00,1.14182,1.1419,1.14182,1.14189
2025-07-30 22:16:35+00:00,1.1419,1.1419,1.1419,1.1419
2025-07-30 22:16:55+00:00,1.1419,1.1419,1.14186,1.14186
2025-07-30 22:17:00+00:00,1.14186,1.14188,1.14181,1.14188
2025-07-30 22:17:05+00:00,1.14186,1.14193,1.14186,1.14188
2025-07-30 22:17:10+00:00,1.14188,1.14188,1.14188,1.14188
2025-07-30 22:17:15+00:00,1.1419,1.1419,1.14188,1.14188
2025-07-30 22:17:20+00:00,1.1419,1.1419,1.1419,1.1419
2025-07-30 22:17:25+00:00,1.14196,1.14196,1.14195,1.14195
2025-07-30 22:17:30+00:00,1.14196,1.14196,1.14196,1.14196
2025-07-30 22:17:35+00:00,1.14198,1.14198,1.14194,1.14194
2025-07-30 22:17:40+00:00,1.14196,1.14196,1.1419,1.1419
2025-07-30 22:17:45+00:00,1.14191,1.14191,1.14191,1.14191
2025-07-30 22:17:50+00:00,1.14192,1.14192,1.14192,1.14192
2025-07-30 22:17:55+00:00,1.14192,1.14194,1.1419,1.1419
2025-07-30 22:18:00+00:00,1.14192,1.14194,1.14192,1.14194
2025-07-30 22:18:10+00:00,1.14193,1.14194,1.14193,1.14194
2025-07-30 22:18:15+00:00,1.14195,1.14198,1.14195,1.14197
2025-07-30 22:18:20+00:00,1.14196,1.14196,1.14192,1.14192
2025-07-30 22:18:35+00:00,1.14194,1.14194,1.14193,1.14193
2025-07-30 22:18:40+00:00,1.14192,1.14192,1.14192,1.14192
2025-07-30 22:18:45+00:00,1.14192,1.14194,1.14192,1.14194
2025-07-30 22:18:50+00:00,1.14193,1.14193,1.14193,1.14193
2025-07-30 22:19:00+00:00,1.14192,1.14192,1.14192,1.14192
2025-07-30 22:19:20+00:00,1.14188,1.1419,1.14188,1.1419
2025-07-30 22:19:25+00:00,1.1419,1.14191,1.1419,1.14191
2025-07-30 22:19:30+00:00,1.14188,1.14188,1.14188,1.14188
2025-07-30 22:19:35+00:00,1.1419,1.14191,1.1419,1.14191
2025-07-30 22:19:45+00:00,1.1419,1.1419,1.1419,1.1419
2025-07-30 22:19:50+00:00,1.14188,1.14192,1.14188,1.14188
2025-07-30 22:19:55+00:00,1.14187,1.14187,1.14186,1.14186
2025-07-30 22:20:00+00:00,1.14185,1.14185,1.14183,1.14184
2025-07-30 22:20:05+00:00,1.14184,1.14184,1.14184,1.14184
2025-07-30 22:20:10+00:00,1.14185,1.14185,1.14185,1.14185
2025-07-30 22:20:30+00:00,1.14183,1.14186,1.14181,1.14186
2025-07-30 22:20:35+00:00,1.14186,1.14187,1.14186,1.14186
2025-07-30 22:20:45+00:00,1.14186,1.14186,1.14186,1.14186
2025-07-30 22:20:50+00:00,1.14186,1.14186,1.14186,1.14186
2025-07-30 22:21:05+00:00,1.14186,1.14186,1.14186,1.14186
2025-07-30 22:21:10+00:00,1.14186,1.14186,1.14186,1.14186
2025-07-30 22:21:15+00:00,1.14186,1.14186,1.14185,1.14185
2025-07-30 22:21:20+00:00,1.14186,1.14186,1.14186,1.14186
2025-07-30 22:21:30+00:00,1.14186,1.14186,1.14186,1.14186
2025-07-30 22:21:35+00:00,1.14181,1.14181,1.14176,1.14176
2025-07-30 22:21:50+00:00,1.14176,1.14176,1.14176,1.14176
2025-07-30 22:21:55+00:00,1.14177,1.14177,1.14177,1.14177
2025-07-30 22:22:00+00:00,1.14176,1.14176,1.14173,1.14174
2025-07-30 22:22:05+00:00,1.14172,1.14172,1.14171,1.14171
2025-07-30 22:22:10+00:00,1.14168,1.14168,1.14166,1.14167
2025-07-30 22:22:15+00:00,1.14166,1.14166,1.14166,1.14166
2025-07-30 22:22:20+00:00,1.14165,1.14165,1.1416,1.1416
2025-07-30 22:22:25+00:00,1.14158,1.14158,1.1415,1.1415
2025-07-30 22:22:30+00:00,1.14149,1.14149,1.14138,1.14141
2025-07-30 22:22:35+00:00,1.14145,1.1415,1.14144,1.14144
2025-07-30 22:22:40+00:00,1.14146,1.14154,1.14146,1.14154
2025-07-30 22:22:45+00:00,1.14153,1.14155,1.14152,1.14154
2025-07-30 22:22:55+00:00,1.14155,1.14155,1.14154,1.14155
2025-07-30 22:23:00+00:00,1.14154,1.14154,1.14153,1.14153
2025-07-30 22:23:10+00:00,1.14154,1.14154,1.14153,1.14153
2025-07-30 22:23:15+00:00,1.14154,1.14154,1.1415,1.14151
2025-07-30 22:23:50+00:00,1.14152,1.14152,1.14152,1.14152
2025-07-30 22:23:55+00:00,1.14154,1.1416,1.14154,1.1416
2025-07-30 22:24:00+00:00,1.1416,1.1416,1.1416,1.1416
2025-07-30 22:24:05+00:00,1.14158,1.1416,1.14158,1.1416
2025-07-30 22:24:15+00:00,1.1416,1.1416,1.1416,1.1416
2025-07-30 22:24:20+00:00,1.14158,1.14158,1.14151,1.14153
2025-07-30 22:24:35+00:00,1.1415,1.14151,1.14149,1.1415
2025-07-30 22:24:40+00:00,1.14151,1.14151,1.14151,1.14151
2025-07-30 22:24:50+00:00,1.14152,1.14153,1.14152,1.14153
2025-07-30 22:24:55+00:00,1.14151,1.14152,1.14151,1.14152
2025-07-30 22:25:00+00:00,1.14152,1.14152,1.14152,1.14152
2025-07-30 22:25:05+00:00,1.14152,1.14152,1.14152,1.14152
2025-07-30 22:25:10+00:00,1.14152,1.14152,1.14152,1.14152
2025-07-30 22:25:15+00:00,1.1415,1.14152,1.1415,1.14152
2025-07-30 22:25:25+00:00,1.14152,1.14152,1.14152,1.14152
2025-07-30 22:25:35+00:00,1.14154,1.14154,1.14152,1.14152
2025-07-30 22:25:45+00:00,1.14152,1.14152,1.14152,1.14152
2025-07-30 22:26:20+00:00,1.14154,1.14154,1.14154,1.14154
2025-07-30 22:26:25+00:00,1.14157,1.14162,1.14157,1.14162
2025-07-30 22:26:30+00:00,1.14162,1.14162,1.14162,1.14162
2025-07-30 22:26:35+00:00,1.14164,1.14166,1.14164,1.14166
2025-07-30 22:26:40+00:00,1.14168,1.1417,1.14164,1.14166
2025-07-30 22:26:50+00:00,1.14166,1.14166,1.14166,1.14166
2025-07-30 22:27:00+00:00,1.14168,1.14168,1.14162,1.14163
2025-07-30 22:27:15+00:00,1.14162,1.14162,1.14162,1.14162
2025-07-30 22:27:20+00:00,1.14163,1.14163,1.14163,1.14163
2025-07-30 22:27:25+00:00,1.14162,1.14163,1.14162,1.14163
2025-07-30 22:27:40+00:00,1.14162,1.14162,1.14162,1.14162
2025-07-30 22:27:45+00:00,1.14163,1.14163,1.14163,1.14163
2025-07-30 22:27:50+00:00,1.14162,1.14162,1.14162,1.14162
2025-07-30 22:27:55+00:00,1.14162,1.14163,1.14162,1.14163
2025-07-30 22:28:00+00:00,1.14162,1.14167,1.14162,1.14166
2025-07-30 22:28:15+00:00,1.1417,1.14174,1.1417,1.14174
2025-07-30 22:28:20+00:00,1.14172,1.14172,1.14172,1.14172
2025-07-30 22:28:25+00:00,1.14174,1.14174,1.14174,1.14174
2025-07-30 22:28:50+00:00,1.14172,1.14174,1.14172,1.14172
2025-07-30 22:28:55+00:00,1.14174,1.14174,1.14173,1.14173
2025-07-30 22:29:00+00:00,1.14172,1.14172,1.14172,1.14172
2025-07-30 22:29:05+00:00,1.14176,1.1418,1.14176,1.1418
2025-07-30 22:29:10+00:00,1.14182,1.14184,1.14182,1.14182
2025-07-30 22:29:15+00:00,1.14184,1.14186,1.14184,1.14186
2025-07-30 22:29:20+00:00,1.14185,1.14186,1.14185,1.14185
2025-07-30 22:29:25+00:00,1.14186,1.14186,1.14186,1.14186
2025-07-30 22:29:30+00:00,1.14186,1.14186,1.14186,1.14186
2025-07-30 22:29:45+00:00,1.14184,1.14186,1.14184,1.14184
2025-07-30 22:29:50+00:00,1.14185,1.14186,1.14185,1.14186
2025-07-30 22:30:10+00:00,1.14182,1.14192,1.14182,1.14192
2025-07-30 22:30:15+00:00,1.14192,1.14197,1.14192,1.14194
2025-07-30 22:30:20+00:00,1.14195,1.14196,1.14194,1.14194
2025-07-30 22:30:30+00:00,1.14195,1.14195,1.14194,1.14194
2025-07-30 22:30:35+00:00,1.14195,1.14195,1.14195,1.14195
2025-07-30 22:30:45+00:00,1.14194,1.14194,1.14194,1.14194
2025-07-30 22:30:50+00:00,1.14194,1.14198,1.14193,1.14198
2025-07-30 22:31:00+00:00,1.14196,1.14198,1.14196,1.14196
2025-07-30 22:31:05+00:00,1.14199,1.142,1.14198,1.142
2025-07-30 22:31:10+00:00,1.14199,1.142,1.14199,1.142
2025-07-30 22:31:20+00:00,1.14202,1.14203,1.14202,1.14203
2025-07-30 22:31:25+00:00,1.14202,1.14202,1.14198,1.14198
2025-07-30 22:31:30+00:00,1.14197,1.14202,1.14197,1.14202
2025-07-30 22:31:50+00:00,1.14199,1.14199,1.14199,1.14199
2025-07-30 22:32:00+00:00,1.14198,1.14198,1.14197,1.14197
2025-07-30 22:32:05+00:00,1.142,1.142,1.142,1.142
2025-07-30 22:32:10+00:00,1.142,1.142,1.142,1.142
2025-07-30 22:32:25+00:00,1.14199,1.14199,1.14199,1.14199
2025-07-30 22:32:30+00:00,1.142,1.142,1.142,1.142
2025-07-30 22:32:45+00:00,1.14198,1.14198,1.14198,1.14198
2025-07-30 22:32:50+00:00,1.14197,1.14197,1.14197,1.14197
2025-07-30 22:33:00+00:00,1.14196,1.14196,1.14193,1.14194
2025-07-30 22:33:05+00:00,1.14191,1.14191,1.14188,1.1419
2025-07-30 22:33:25+00:00,1.14194,1.14205,1.14194,1.142
2025-07-30 22:33:30+00:00,1.14199,1.14199,1.14198,1.14198
2025-07-30 22:33:35+00:00,1.14199,1.14199,1.14199,1.14199
2025-07-30 22:33:40+00:00,1.14198,1.14204,1.14198,1.14203
2025-07-30 22:33:45+00:00,1.14204,1.14205,1.14204,1.14204
2025-07-30 22:33:50+00:00,1.14204,1.14206,1.14204,1.14204
2025-07-30 22:33:55+00:00,1.14204,1.14206,1.14204,1.14206
2025-07-30 22:34:25+00:00,1.14206,1.14206,1.14206,1.14206
2025-07-30 22:34:35+00:00,1.1421,1.14212,1.1421,1.14212
2025-07-30 22:34:40+00:00,1.14209,1.14209,1.14209,1.14209
2025-07-30 22:34:45+00:00,1.14208,1.14208,1.14207,1.14207
2025-07-30 22:34:50+00:00,1.14208,1.14209,1.14206,1.14206
2025-07-30 22:34:55+00:00,1.14207,1.1421,1.14206,1.14208
2025-07-30 22:35:00+00:00,1.14207,1.14207,1.14206,1.14206
2025-07-30 22:35:05+00:00,1.1421,1.14212,1.14206,1.14208
2025-07-30 22:35:10+00:00,1.14209,1.1421,1.14209,1.14209
2025-07-30 22:35:15+00:00,1.14208,1.14209,1.14208,1.14209
2025-07-30 22:35:20+00:00,1.1421,1.1421,1.1421,1.1421
2025-07-30 22:35:30+00:00,1.14208,1.14208,1.14208,1.14208
2025-07-30 22:35:35+00:00,1.14206,1.14206,1.14204,1.14204
2025-07-30 22:35:40+00:00,1.14202,1.14202,1.14202,1.14202
2025-07-30 22:35:55+00:00,1.142,1.14201,1.142,1.14201
2025-07-30 22:36:00+00:00,1.142,1.142,1.142,1.142
2025-07-30 22:36:05+00:00,1.14202,1.14205,1.14202,1.14204
2025-07-30 22:36:10+00:00,1.14203,1.14204,1.14202,1.14204
2025-07-30 22:36:15+00:00,1.14202,1.14202,1.14202,1.14202
2025-07-30 22:36:20+00:00,1.14204,1.14204,1.14204,1.14204
2025-07-30 22:36:25+00:00,1.14204,1.14204,1.14204,1.14204
2025-07-30 22:36:35+00:00,1.14204,1.14204,1.14204,1.14204
2025-07-30 22:36:50+00:00,1.14208,1.14215,1.14208,1.14214
2025-07-30 22:36:55+00:00,1.14214,1.14214,1.14214,1.14214
2025-07-30 22:37:00+00:00,1.14212,1.14212,1.14212,1.14212
2025-07-30 22:37:05+00:00,1.14214,1.14215,1.14214,1.14214
2025-07-30 22:37:10+00:00,1.14213,1.14213,1.14213,1.14213
2025-07-30 22:37:15+00:00,1.14212,1.14212,1.14212,1.14212
2025-07-30 22:37:20+00:00,1.14211,1.14211,1.14211,1.14211
2025-07-30 22:37:35+00:00,1.1421,1.1421,1.1421,1.1421
2025-07-30 22:37:40+00:00,1.1421,1.14211,1.1421,1.14211
2025-07-30 22:37:50+00:00,1.14214,1.14216,1.14214,1.14216
2025-07-30 22:38:00+00:00,1.14216,1.14216,1.14209,1.1421
2025-07-30 22:38:05+00:00,1.14209,1.14209,1.14207,1.14207
2025-07-30 22:38:10+00:00,1.14208,1.14211,1.14207,1.14208
2025-07-30 22:38:15+00:00,1.14209,1.14212,1.14209,1.14212
2025-07-30 22:38:25+00:00,1.14213,1.14213,1.14212,1.14212
2025-07-30 22:38:30+00:00,1.1421,1.14212,1.14208,1.14209
2025-07-30 22:38:35+00:00,1.14208,1.14212,1.14208,1.1421
2025-07-30 22:38:40+00:00,1.14209,1.1421,1.14208,1.14208
2025-07-30 22:39:00+00:00,1.14207,1.14207,1.14206,1.14206
2025-07-30 22:39:10+00:00,1.14205,1.14205,1.14205,1.14205
2025-07-30 22:39:15+00:00,1.14206,1.14206,1.14206,1.14206
2025-07-30 22:39:35+00:00,1.14206,1.14206,1.14206,1.14206
2025-07-30 22:39:40+00:00,1.14206,1.14206,1.14206,1.14206
2025-07-30 22:39:50+00:00,1.14208,1.14215,1.14208,1.14215
2025-07-30 22:39:55+00:00,1.14214,1.14216,1.14214,1.14216
2025-07-30 22:40:05+00:00,1.14214,1.14217,1.14214,1.14217
2025-07-30 22:40:10+00:00,1.14218,1.1422,1.14218,1.14219
2025-07-30 22:40:15+00:00,1.1422,1.1422,1.14219,1.14219
2025-07-30 22:40:20+00:00,1.14218,1.14219,1.14218,1.14218
2025-07-30 22:40:30+00:00,1.14219,1.14219,1.14218,1.14219
2025-07-30 22:40:35+00:00,1.14218,1.1422,1.14218,1.1422
2025-07-30 22:40:40+00:00,1.1422,1.1422,1.1422,1.1422
2025-07-30 22:40:50+00:00,1.14222,1.14222,1.14222,1.14222
2025-07-30 22:40:55+00:00,1.14222,1.14227,1.14222,1.14226
2025-07-30 22:41:00+00:00,1.14226,1.14226,1.14226,1.14226
2025-07-30 22:41:05+00:00,1.14226,1.14226,1.14223,1.14223
2025-07-30 22:41:10+00:00,1.14222,1.14225,1.14222,1.14225
2025-07-30 22:41:20+00:00,1.14224,1.14226,1.14224,1.14226
2025-07-30 22:41:25+00:00,1.14228,1.14229,1.14226,1.14229
2025-07-30 22:41:30+00:00,1.14228,1.14228,1.14228,1.14228
2025-07-30 22:41:35+00:00,1.14226,1.14227,1.14226,1.14227
2025-07-30 22:41:40+00:00,1.14228,1.14228,1.14224,1.14226
2025-07-30 22:41:45+00:00,1.14224,1.14226,1.14224,1.14224
2025-07-30 22:41:50+00:00,1.14224,1.14224,1.14224,1.14224
2025-07-30 22:42:00+00:00,1.14222,1.14222,1.14212,1.14212
2025-07-30 22:42:05+00:00,1.1421,1.14214,1.1421,1.14212
2025-07-30 22:42:15+00:00,1.1421,1.14212,1.1421,1.14212
2025-07-30 22:42:20+00:00,1.1421,1.14212,1.14208,1.14208
2025-07-30 22:42:25+00:00,1.14208,1.14208,1.14208,1.14208
2025-07-30 22:42:30+00:00,1.14207,1.1421,1.14206,1.14209
2025-07-30 22:42:35+00:00,1.1421,1.14214,1.1421,1.14213
2025-07-30 22:42:40+00:00,1.14212,1.14212,1.14212,1.14212
2025-07-30 22:42:45+00:00,1.14213,1.14213,1.14212,1.14213
2025-07-30 22:42:50+00:00,1.14209,1.1421,1.14208,1.14208
2025-07-30 22:42:55+00:00,1.14208,1.14208,1.14208,1.14208
2025-07-30 22:43:00+00:00,1.14209,1.14209,1.14209,1.14209
2025-07-30 22:43:05+00:00,1.14208,1.14208,1.14206,1.14206
2025-07-30 22:43:10+00:00,1.14202,1.14202,1.142,1.14202
2025-07-30 22:43:15+00:00,1.14202,1.14202,1.14202,1.14202
2025-07-30 22:43:20+00:00,1.14196,1.14196,1.1419,1.14196
2025-07-30 22:43:25+00:00,1.14196,1.14196,1.14196,1.14196
2025-07-30 22:43:30+00:00,1.14196,1.14207,1.14196,1.14207
2025-07-30 22:43:40+00:00,1.14206,1.14207,1.14206,1.14206
2025-07-30 22:43:45+00:00,1.14206,1.14207,1.14206,1.14207
2025-07-30 22:43:50+00:00,1.14206,1.14206,1.14206,1.14206
2025-07-30 22:43:55+00:00,1.14207,1.1421,1.14207,1.1421
2025-07-30 22:44:00+00:00,1.1421,1.14214,1.14209,1.14213
2025-07-30 22:44:05+00:00,1.14214,1.14214,1.14213,1.14213
2025-07-30 22:44:10+00:00,1.14214,1.14214,1.14212,1.14212
2025-07-30 22:44:15+00:00,1.14211,1.14211,1.14211,1.14211
2025-07-30 22:44:25+00:00,1.14208,1.14208,1.14204,1.14204
2025-07-30 22:44:30+00:00,1.14206,1.14206,1.14206,1.14206
2025-07-30 22:44:35+00:00,1.14208,1.14208,1.14208,1.14208
2025-07-30 22:44:45+00:00,1.14208,1.14208,1.14206,1.14206
2025-07-30 22:44:50+00:00,1.1421,1.1421,1.14209,1.14209
2025-07-30 22:44:55+00:00,1.1421,1.1421,1.14209,1.14209
2025-07-30 22:45:00+00:00,1.1421,1.1421,1.1421,1.1421
2025-07-30 22:45:10+00:00,1.1421,1.1421,1.14206,1.1421
2025-07-30 22:45:25+00:00,1.1421,1.1421,1.1421,1.1421
2025-07-30 22:45:30+00:00,1.1421,1.1421,1.1421,1.1421
2025-07-30 22:45:35+00:00,1.1421,1.1421,1.1421,1.1421
2025-07-30 22:45:40+00:00,1.1421,1.14211,1.1421,1.14211
2025-07-30 22:45:45+00:00,1.1421,1.14212,1.1421,1.14212
2025-07-30 22:45:50+00:00,1.14214,1.14214,1.14214,1.14214
2025-07-30 22:46:00+00:00,1.14215,1.14216,1.14215,1.14216
2025-07-30 22:46:10+00:00,1.14216,1.14216,1.14214,1.14214
2025-07-30 22:46:15+00:00,1.14215,1.14222,1.14215,1.14222
2025-07-30 22:46:20+00:00,1.14223,1.14224,1.14223,1.14224
2025-07-30 22:46:25+00:00,1.1422,1.1422,1.14218,1.14218
2025-07-30 22:46:30+00:00,1.14218,1.14218,1.14218,1.14218
2025-07-30 22:46:40+00:00,1.1422,1.1422,1.14218,1.1422
2025-07-30 22:46:45+00:00,1.1422,1.14224,1.1422,1.14224
2025-07-30 22:46:50+00:00,1.14224,1.14224,1.14223,1.14224
2025-07-30 22:47:00+00:00,1.14222,1.14224,1.14222,1.14224
2025-07-30 22:47:05+00:00,1.14224,1.14224,1.14224,1.14224
2025-07-30 22:47:20+00:00,1.14223,1.14223,1.14222,1.14222
2025-07-30 22:47:45+00:00,1.14223,1.14232,1.14223,1.14232
2025-07-30 22:47:50+00:00,1.14234,1.14238,1.14233,1.14233
2025-07-30 22:47:55+00:00,1.1423,1.1423,1.14228,1.14228
2025-07-30 22:48:00+00:00,1.14225,1.14225,1.14225,1.14225
2025-07-30 22:48:05+00:00,1.14226,1.14232,1.14226,1.14232
2025-07-30 22:48:10+00:00,1.14231,1.14232,1.14231,1.14232
2025-07-30 22:48:15+00:00,1.14231,1.14232,1.1423,1.14232
2025-07-30 22:48:20+00:00,1.1423,1.1423,1.1423,1.1423
2025-07-30 22:48:25+00:00,1.14232,1.14232,1.14232,1.14232
2025-07-30 22:48:35+00:00,1.14232,1.14234,1.14232,1.14232
2025-07-30 22:48:40+00:00,1.14233,1.14233,1.14233,1.14233
2025-07-30 22:49:05+00:00,1.14232,1.14232,1.14232,1.14232
2025-07-30 22:49:20+00:00,1.14233,1.14233,1.14232,1.14233
2025-07-30 22:49:25+00:00,1.14232,1.14232,1.1423,1.1423
2025-07-30 22:49:30+00:00,1.14232,1.14233,1.14232,1.14233
2025-07-30 22:49:35+00:00,1.14232,1.14233,1.14228,1.1423
2025-07-30 22:49:40+00:00,1.14229,1.14229,1.14229,1.14229
2025-07-30 22:49:45+00:00,1.14228,1.14228,1.14228,1.14228
2025-07-30 22:50:05+00:00,1.1423,1.14231,1.1423,1.14231
2025-07-30 22:50:10+00:00,1.14233,1.14233,1.14232,1.14232
2025-07-30 22:50:20+00:00,1.14232,1.14232,1.14232,1.14232
2025-07-30 22:50:25+00:00,1.14232,1.14232,1.14231,1.14231
2025-07-30 22:50:30+00:00,1.1423,1.14232,1.1423,1.1423
2025-07-30 22:50:35+00:00,1.1423,1.14232,1.1423,1.14232
2025-07-30 22:50:40+00:00,1.14232,1.14232,1.14232,1.14232
2025-07-30 22:50:45+00:00,1.14234,1.14234,1.14233,1.14234
2025-07-30 22:50:50+00:00,1.14234,1.14234,1.14234,1.14234
2025-07-30 22:50:55+00:00,1.14234,1.14234,1.14234,1.14234
2025-07-30 22:51:00+00:00,1.14235,1.14236,1.14234,1.14235
2025-07-30 22:51:05+00:00,1.14234,1.14234,1.14232,1.14233
2025-07-30 22:51:10+00:00,1.14232,1.14232,1.14232,1.14232
2025-07-30 22:51:20+00:00,1.14233,1.14233,1.1423,1.1423
2025-07-30 22:51:25+00:00,1.14228,1.14228,1.14228,1.14228
2025-07-30 22:51:35+00:00,1.14226,1.14228,1.14226,1.14228
2025-07-30 22:51:50+00:00,1.14229,1.14232,1.14229,1.14231
2025-07-30 22:51:55+00:00,1.14233,1.14234,1.14232,1.14233
2025-07-30 22:52:00+00:00,1.14232,1.14232,1.14231,1.14232
2025-07-30 22:52:10+00:00,1.14234,1.14234,1.14234,1.14234
2025-07-30 22:52:25+00:00,1.14234,1.14236,1.14234,1.14236
2025-07-30 22:52:30+00:00,1.14236,1.14236,1.14236,1.14236
2025-07-30 22:52:40+00:00,1.14236,1.14236,1.14236,1.14236
2025-07-30 22:52:50+00:00,1.14236,1.14236,1.14232,1.14234
2025-07-30 22:53:00+00:00,1.14236,1.14236,1.14236,1.14236
2025-07-30 22:53:05+00:00,1.14236,1.14236,1.14236,1.14236
2025-07-30 22:53:10+00:00,1.14232,1.14234,1.14232,1.14234
2025-07-30 22:53:15+00:00,1.14232,1.14234,1.14232,1.14234
2025-07-30 22:53:20+00:00,1.14234,1.14238,1.14234,1.14238
2025-07-30 22:53:40+00:00,1.14239,1.14242,1.14239,1.1424
2025-07-30 22:53:45+00:00,1.1424,1.1424,1.1424,1.1424
2025-07-30 22:53:55+00:00,1.14239,1.14239,1.14234,1.14234
2025-07-30 22:54:00+00:00,1.14234,1.14235,1.14234,1.14235
2025-07-30 22:54:15+00:00,1.1423,1.1423,1.14228,1.1423
2025-07-30 22:54:20+00:00,1.14228,1.14232,1.14228,1.14232
2025-07-30 22:54:25+00:00,1.1423,1.1423,1.1423,1.1423
2025-07-30 22:54:30+00:00,1.14229,1.14229,1.14228,1.14228
2025-07-30 22:54:35+00:00,1.14228,1.14231,1.14228,1.14231
2025-07-30 22:54:40+00:00,1.14232,1.14232,1.14232,1.14232
2025-07-30 22:54:55+00:00,1.14234,1.1424,1.14234,1.1424
2025-07-30 22:55:00+00:00,1.1424,1.1424,1.1424,1.1424
2025-07-30 22:55:35+00:00,1.14238,1.1424,1.14238,1.1424
2025-07-30 22:55:45+00:00,1.1424,1.1424,1.1424,1.1424
2025-07-30 22:55:50+00:00,1.1424,1.1424,1.1424,1.1424
2025-07-30 22:55:55+00:00,1.14239,1.14239,1.14239,1.14239
2025-07-30 22:56:00+00:00,1.1424,1.1424,1.14239,1.14239
2025-07-30 22:56:05+00:00,1.1424,1.1424,1.14234,1.14236
2025-07-30 22:56:10+00:00,1.14235,1.14236,1.14234,1.14236
2025-07-30 22:56:15+00:00,1.14236,1.14236,1.14236,1.14236
2025-07-30 22:56:25+00:00,1.14236,1.14236,1.14236,1.14236
2025-07-30 22:56:30+00:00,1.14236,1.14236,1.14236,1.14236
2025-07-30 22:56:35+00:00,1.14236,1.14236,1.14234,1.14234
2025-07-30 22:56:40+00:00,1.14236,1.14242,1.14236,1.14238
2025-07-30 22:56:45+00:00,1.14238,1.14238,1.14237,1.14237
2025-07-30 22:56:50+00:00,1.14239,1.14239,1.14239,1.14239
2025-07-30 22:57:00+00:00,1.14238,1.14239,1.14238,1.14239
2025-07-30 22:57:05+00:00,1.14238,1.14238,1.14238,1.14238
2025-07-30 22:57:15+00:00,1.14238,1.14238,1.14238,1.14238
2025-07-30 22:57:20+00:00,1.14239,1.14239,1.14238,1.14238
2025-07-30 22:57:25+00:00,1.14238,1.1424,1.14237,1.1424
2025-07-30 22:57:30+00:00,1.1424,1.14246,1.1424,1.1424
2025-07-30 22:57:35+00:00,1.1424,1.14241,1.1424,1.14241
2025-07-30 22:57:45+00:00,1.1424,1.1424,1.1424,1.1424
2025-07-30 22:58:15+00:00,1.14238,1.14238,1.14238,1.14238
2025-07-30 22:58:35+00:00,1.1424,1.1424,1.1424,1.1424
2025-07-30 22:58:55+00:00,1.1424,1.1424,1.1424,1.1424
2025-07-30 22:59:00+00:00,1.14239,1.1424,1.14237,1.14237
2025-07-30 22:59:20+00:00,1.14236,1.14236,1.14236,1.14236
2025-07-30 22:59:25+00:00,1.14234,1.14236,1.14234,1.14236
2025-07-30 22:59:30+00:00,1.14235,1.14236,1.14235,1.14236
2025-07-30 22:59:55+00:00,1.14234,1.14234,1.14228,1.14228
2025-07-30 23:00:00+00:00,1.1423,1.1423,1.14222,1.14226
2025-07-30 23:00:05+00:00,1.14226,1.14226,1.14213,1.14213
2025-07-30 23:00:10+00:00,1.14214,1.14216,1.14214,1.14216
2025-07-30 23:00:15+00:00,1.14216,1.14216,1.14214,1.14214
2025-07-30 23:00:20+00:00,1.14213,1.14214,1.14213,1.14213
2025-07-30 23:00:30+00:00,1.14214,1.14214,1.14214,1.14214
2025-07-30 23:00:35+00:00,1.14214,1.14214,1.14214,1.14214
2025-07-30 23:00:50+00:00,1.14214,1.14214,1.14214,1.14214
2025-07-30 23:00:55+00:00,1.14214,1.14214,1.14214,1.14214
2025-07-30 23:01:00+00:00,1.14214,1.14214,1.14214,1.14214
2025-07-30 23:01:05+00:00,1.14212,1.14212,1.14211,1.14212
2025-07-30 23:01:15+00:00,1.14212,1.14212,1.14212,1.14212
2025-07-30 23:01:20+00:00,1.14212,1.14212,1.14202,1.14204
2025-07-30 23:01:25+00:00,1.14206,1.14206,1.14206,1.14206
2025-07-30 23:01:40+00:00,1.14206,1.14206,1.14206,1.14206
2025-07-30 23:01:45+00:00,1.14207,1.14207,1.14206,1.14206
2025-07-30 23:01:50+00:00,1.14204,1.14204,1.14202,1.14202
2025-07-30 23:01:55+00:00,1.14203,1.14206,1.14203,1.14206
2025-07-30 23:02:00+00:00,1.14206,1.14214,1.14206,1.14214
2025-07-30 23:02:05+00:00,1.14213,1.14214,1.14209,1.14209
2025-07-30 23:02:10+00:00,1.1421,1.14212,1.14208,1.14211
2025-07-30 23:02:15+00:00,1.14212,1.14212,1.14203,1.14204
2025-07-30 23:02:20+00:00,1.14206,1.14207,1.14204,1.14204
2025-07-30 23:02:25+00:00,1.14201,1.14201,1.14196,1.14196
2025-07-30 23:02:30+00:00,1.14196,1.14196,1.14195,1.14196
2025-07-30 23:02:35+00:00,1.14195,1.14195,1.14194,1.14194
2025-07-30 23:02:40+00:00,1.14194,1.142,1.14194,1.14199
2025-07-30 23:02:45+00:00,1.14198,1.14199,1.14198,1.14198
2025-07-30 23:02:50+00:00,1.14201,1.14206,1.14201,1.14206
2025-07-30 23:02:55+00:00,1.14206,1.14206,1.14206,1.14206
2025-07-30 23:03:00+00:00,1.14206,1.14211,1.14206,1.14211
2025-07-30 23:03:05+00:00,1.1421,1.14216,1.1421,1.14216
2025-07-30 23:03:10+00:00,1.14216,1.1422,1.14216,1.1422
2025-07-30 23:03:15+00:00,1.1422,1.14221,1.14217,1.14217
2025-07-30 23:03:20+00:00,1.14218,1.14218,1.14218,1.14218
2025-07-30 23:03:25+00:00,1.1422,1.14224,1.1422,1.14222
2025-07-30 23:03:30+00:00,1.14222,1.14222,1.14222,1.14222
2025-07-30 23:03:35+00:00,1.14222,1.14222,1.14221,1.14222
2025-07-30 23:03:40+00:00,1.14222,1.14222,1.14222,1.14222
2025-07-30 23:03:45+00:00,1.14224,1.14224,1.14224,1.14224
2025-07-30 23:03:55+00:00,1.14224,1.14226,1.14224,1.14225
2025-07-30 23:04:00+00:00,1.14226,1.14226,1.14225,1.14225
2025-07-30 23:04:10+00:00,1.14227,1.14228,1.14226,1.14226
2025-07-30 23:04:15+00:00,1.14227,1.14228,1.14226,1.14226
2025-07-30 23:04:20+00:00,1.14227,1.14228,1.14226,1.14227
2025-07-30 23:04:25+00:00,1.14226,1.14228,1.14226,1.14226
2025-07-30 23:04:30+00:00,1.14226,1.14228,1.14226,1.14228
2025-07-30 23:04:35+00:00,1.14228,1.14228,1.14226,1.14227
2025-07-30 23:04:40+00:00,1.14228,1.14234,1.14227,1.14232
2025-07-30 23:04:45+00:00,1.14233,1.14234,1.14232,1.14233
2025-07-30 23:04:50+00:00,1.14232,1.14236,1.14232,1.14234
2025-07-30 23:04:55+00:00,1.14233,1.14233,1.1423,1.1423
2025-07-30 23:05:00+00:00,1.14233,1.14233,1.14232,1.14233
2025-07-30 23:05:05+00:00,1.14232,1.14232,1.14232,1.14232
2025-07-30 23:05:15+00:00,1.14232,1.14232,1.14232,1.14232
2025-07-30 23:05:20+00:00,1.14232,1.14232,1.14232,1.14232
2025-07-30 23:05:30+00:00,1.14234,1.14235,1.14233,1.14233
2025-07-30 23:05:40+00:00,1.14234,1.14234,1.14233,1.14233
2025-07-30 23:05:50+00:00,1.14234,1.14238,1.14234,1.14238
2025-07-30 23:05:55+00:00,1.14237,1.14237,1.14236,1.14236
2025-07-30 23:06:00+00:00,1.14236,1.14236,1.14232,1.14232
2025-07-30 23:06:05+00:00,1.14232,1.14233,1.14231,1.14232
2025-07-30 23:06:15+00:00,1.14232,1.14232,1.14232,1.14232
2025-07-30 23:06:20+00:00,1.14231,1.14232,1.14231,1.14232
2025-07-30 23:06:35+00:00,1.14231,1.14232,1.14231,1.14231
2025-07-30 23:06:40+00:00,1.1423,1.14232,1.1423,1.14232
2025-07-30 23:06:45+00:00,1.14232,1.14235,1.14232,1.14234
2025-07-30 23:06:50+00:00,1.14235,1.14237,1.14232,1.14232
2025-07-30 23:07:00+00:00,1.1423,1.14231,1.1423,1.1423
